COMPONENTS,DURATION,SCHOOL
Pre-Med required Courses,2 Years,SOM
Basic Medical Education incl. Clerkship,4 Years,SOM
Internship,1 Year,SOM

COURSE,REQUIRED DOWNPAYMENT PARTIAL,FULL,SCHOOL
APMED,PhP 18947.00,PhP 42491.00,SOM
MD,PhP 55000.00,PhP 138283.00,SOM
BS BIO - MB,PhP 14670.00,PhP 35598.00,SONAHBS
BS MLS,PhP 13252.00,PhP 35052.00,SONAHBS
BS PHARM,PhP 16412.00,PhP 39956.00,SONAHBS
BS RADTECH,PhP 15002.00,PhP 35930.00,SONAHBS
BSN,PhP 16230.00,PhP 49378.00,SONAHBS
BA COMM,PhP 11884.00,PhP 33242.00,STELA
BA PHILO,PhP 11884.00,PhP 33242.00,STELA
BA POLSCI,PhP 11884.00,PhP 33242.00,STELA
BS PSYCH,PhP 12906.00,PhP 34706.00,STELA
BA SWK,PhP 11884.00,PhP 30626.00,STELA
BSED,PhP 11884.00,PhP 33242.00,STELA
BSNED,PhP 11784.00,PhP 35758.00,STELA
BPED,PhP 11884.00,PhP 33242.00,STELA
BEED,PhP 11884.00,PhP 33242.00,STELA
BSAC,PhP 12627.00,PhP 36601.00,SAMCIS
BSMA,PhP 12627.00,PhP 36601.00,SAMCIS
BSENTREP-BA,PhP 11884.00,PhP 37172.00,SAMCIS
BSBA FINMAN-BA,PhP 11884.00,PhP 37172.00,SAMCIS
BSHM,PhP 11965.00,PhP 37253.00,SAMCIS
BSBA MKTGMGMT-BA,PhP 11884.00,PhP 37172.00,SAMCIS
BSTM,PhP 11965.00,PhP 37253.00,SAMCIS
BS COMPSCI,PhP 26476.00,PhP 49924.00,SAMCIS
BSIT,PhP 24476.00,PhP 49924.00,SAMCIS
BMMA,PhP 24476.00,PhP 49924.00,SAMCIS